hash,timestamp_utc,to,amount,asset,symbol_non_ascii,kind,contract,block,is_error,chain_id,chain_name,retrieved_utc
0x8ece559e6052d1f1930ff670609d698a256014da024f1d84d81cc185599ae728,2025-02-21 14:42:47,0xae7ab96520de3a18e5e111b5eaab095312d7fe84,0.0,ETH,no,native,,21895384,0,1,Ethereum,2026-08-26 14:42:21
0xf7900c28239b45d83a5389e8debc491446d380680a6fd156c6ec9a3479c7e0c9,2025-02-21 14:45:11,0xdd90071d52f20e85c89802e5dc1ec0a7b6475f92,9980.0,ETH,no,native,,21895396,0,1,Ethereum,2026-08-26 14:42:21
0x4941b68cceacaa5c96641905c75eb2c6a328704e844e3b1b8d267e0d53276eaf,2025-02-21 14:48:35,0xae7ab96520de3a18e5e111b5eaab095312d7fe84,0.0,ETH,no,native,,21895413,0,1,Ethereum,2026-08-26 14:42:21
0x931f54af3f2d051bf9b1673312025fa951a72600497a4a7097848cef4be1de58,2025-02-21 14:51:23,0xae7ab96520de3a18e5e111b5eaab095312d7fe84,0.0,ETH,no,native,,21895427,0,1,Ethereum,2026-08-26 14:42:21
0x8fe4e21d454841ca4e9fca0903b9b90f4e8a6ccd6a9e9cc6b83b046c23d1f485,2025-02-21 14:53:59,0xae7ab96520de3a18e5e111b5eaab095312d7fe84,0.0,ETH,no,native,,21895440,0,1,Ethereum,2026-08-26 14:42:21
0x1f1c0fc367037149062ccfa0ec8356108cfac85e55bf5d93279a2d5e6032c261,2025-02-21 14:55:47,0xae7ab96520de3a18e5e111b5eaab095312d7fe84,0.0,ETH,no,native,,21895449,0,1,Ethereum,2026-08-26 14:42:21
0xad905e884090fd39c56de1673fb0d61bc4d4d8d6140b054d9dda518226ca4c09,2025-02-21 14:57:59,0xdd90071d52f20e85c89802e5dc1ec0a7b6475f92,49755.0,ETH,no,native,,21895459,0,1,Ethereum,2026-08-26 14:42:21
0xec96d42d34b240de4bdda37bce47965ba43392ee326500965f3b372662186702,2025-02-21 15:12:59,0xd5f7838f5c461feff7fe49ea5ebaf7728bb0adfa,0.0,ETH,no,native,,21895533,0,1,Ethereum,2026-08-26 14:42:21
0xbb9260505005c40b314cf2d8dab0f247b183d46b1083a2601d610e4757d11095,2025-02-21 15:13:35,0xd5f7838f5c461feff7fe49ea5ebaf7728bb0adfa,0.0,ETH,no,native,,21895536,0,1,Ethereum,2026-08-26 14:42:21
0x4778b5e017d8051edfb1d0de106929ecd741ffb355a8af43cab648603c657343,2025-02-21 15:13:59,0x3fc91a3afd70395cd496c647d5a6cc9d4b2b7fad,0.0,ETH,no,native,,21895538,0,1,Ethereum,2026-08-26 14:42:21
0xad1ee656cba3070b36acc5b3c22b50e7c8bfcbb50512cd5ee7d1e87332bb0e50,2025-02-21 15:14:59,0x3fc91a3afd70395cd496c647d5a6cc9d4b2b7fad,0.0,ETH,no,native,,21895543,0,1,Ethereum,2026-08-26 14:42:21
0x8578fbe977eaadcff760db129bfbefb266eec36ce88201dd3b985b7de86fd934,2025-02-21 15:15:59,0xae7ab96520de3a18e5e111b5eaab095312d7fe84,0.0,ETH,no,native,,21895548,0,1,Ethereum,2026-08-26 14:42:21
0x73b35018890cb20c14b723dc19ad3b80cf1059bdf2e4829508f5c2efe3c6f611,2025-02-21 15:16:59,0xfe837a3530dd566401d35befcd55582af7c4dffc,0.0,ETH,no,native,,21895553,0,1,Ethereum,2026-08-26 14:42:21
0x18956db8bfe27436fb49e3a9808e77514235484e35612a38739c3525e2b50d75,2025-02-21 15:18:11,0xae7ab96520de3a18e5e111b5eaab095312d7fe84,0.0,ETH,no,native,,21895559,0,1,Ethereum,2026-08-26 14:42:21
0xe836d01f6b96ff1f6a6d647f46049db8c5da1526ce6158dd140394b2454f6f1a,2025-02-21 15:19:47,0x1542368a03ad1f03d96d51b414f4738961cf4443,0.1,ETH,no,native,,21895567,0,1,Ethereum,2026-08-26 14:42:21
0xa4a4d7e618de338ab54e2edffe1d5719e57707e969cb2656500256f1926cce2f,2025-02-21 15:20:59,0xae7ab96520de3a18e5e111b5eaab095312d7fe84,0.0,ETH,no,native,,21895573,0,1,Ethereum,2026-08-26 14:42:21
0x87a6b8554154c10b4f40209c299d72d6940bb814f508ca82de6cc651f4d8490b,2025-02-21 15:23:35,0xae7ab96520de3a18e5e111b5eaab095312d7fe84,0.0,ETH,no,native,,21895586,0,1,Ethereum,2026-08-26 14:42:21
0x8de584fc9456f64f9ad0ec35ee106d9a06c6290988ae16feb56f00eaa20e19a8,2025-02-21 15:24:35,0x66a9893cc07d91d95644aedd05d03f95e1dba8af,0.0,ETH,no,native,,21895591,0,1,Ethereum,2026-08-26 14:42:21
0xde375a6fbc2b21a794802745dd5294b9ad3a8fabbb6ffb0c781621cb130b0a14,2025-02-21 15:27:11,0xae7ab96520de3a18e5e111b5eaab095312d7fe84,0.0,ETH,no,native,,21895604,0,1,Ethereum,2026-08-26 14:42:21
0xcffbad26c03f02e2fdd131bcc6576b58cdc5793bb2760c2c763e45825127b9ae,2025-02-21 15:32:35,0xdd90071d52f20e85c89802e5dc1ec0a7b6475f92,38313.7948,ETH,no,native,,21895630,0,1,Ethereum,2026-08-26 14:42:21
0x21d714ef63ce1197535edcafee9ab2281d1345225aa70e6a2fcb29f828fd3d10,2025-02-21 14:43:23,0x6bb000067005450704003100632eb93ea00c0000,10000.0,stETH,no,token,0xae7ab96520de3a18e5e111b5eaab095312d7fe84,21895387,0,1,Ethereum,2026-08-26 14:42:21
0x15f5a77ec512f1556f34feef83880364a1e3c3efa78b718670abdaede1936f3f,2025-02-21 14:49:23,0x6bb000067005450704003100632eb93ea00c0000,25000.0,stETH,no,token,0xae7ab96520de3a18e5e111b5eaab095312d7fe84,21895417,0,1,Ethereum,2026-08-26 14:42:21
0xb679d7c0b5bc706d7e054393be20c16af38f47ef02365b49bd8dff128ede3f5d,2025-02-21 14:50:35,0xdd901921594c5ba04c5971295db8931073365f92,9980.0,ЕТН...,yes,token,0x2a120e7f2f1d8ffd173ed17aa5089f11206b5177,21895423,0,1,Ethereum,2026-08-26 14:42:21
0xa2007b9458fec54bf765f8a53b9ef4dffa49e5dabe7c4f70dd288af9c260bd39,2025-02-21 14:52:11,0x6bb000067005450704003100632eb93ea00c0000,12000.0,stETH,no,token,0xae7ab96520de3a18e5e111b5eaab095312d7fe84,21895431,0,1,Ethereum,2026-08-26 14:42:21
0xe42eb2f64b3b0c39dd56af0ccf891e85119dc844b3b5454064c16909c364e72b,2025-02-21 14:54:47,0x6bb000067005450704003100632eb93ea00c0000,7000.0,stETH,no,token,0xae7ab96520de3a18e5e111b5eaab095312d7fe84,21895444,0,1,Ethereum,2026-08-26 14:42:21
0xa3840fd4728c04daf437108fa02dd462ee548912c1cd83d96604f17308448295,2025-02-21 14:56:35,0x6bb000067005450704003100632eb93ea00c0000,6000.0,stETH,no,token,0xae7ab96520de3a18e5e111b5eaab095312d7fe84,21895453,0,1,Ethereum,2026-08-26 14:42:21
0xd6b8a14ddbec19a88716d97d1e2d72a771221a7091d48e8c5299a0e2d7f3ae96,2025-02-21 15:02:23,0xdd901921594c5ba04c5971295db8931073365f92,49755.0,ЕТН...,yes,token,0x2a120e7f2f1d8ffd173ed17aa5089f11206b5177,21895480,0,1,Ethereum,2026-08-26 14:42:21
0x4778b5e017d8051edfb1d0de106929ecd741ffb355a8af43cab648603c657343,2025-02-21 15:13:59,0x04708077eca6bb527a5bbbd6358ffb043a9c1c14,1000.0,mETH,no,token,0xd5f7838f5c461feff7fe49ea5ebaf7728bb0adfa,21895538,0,1,Ethereum,2026-08-26 14:42:21
0xad1ee656cba3070b36acc5b3c22b50e7c8bfcbb50512cd5ee7d1e87332bb0e50,2025-02-21 15:14:59,0x04708077eca6bb527a5bbbd6358ffb043a9c1c14,3500.0,mETH,no,token,0xd5f7838f5c461feff7fe49ea5ebaf7728bb0adfa,21895543,0,1,Ethereum,2026-08-26 14:42:21
0x73b35018890cb20c14b723dc19ad3b80cf1059bdf2e4829508f5c2efe3c6f611,2025-02-21 15:16:59,0xfe837a3530dd566401d35befcd55582af7c4dffc,15187.77395884,stETH,no,token,0xae7ab96520de3a18e5e111b5eaab095312d7fe84,21895553,0,1,Ethereum,2026-08-26 14:42:21
0x4ef02a4d6ca5078647ece2b15599cce62942b517e6bcf52ea89940987762cc5d,2025-02-21 15:21:47,0x6bb000067005450704003100632eb93ea00c0000,7187.77395884,stETH,no,token,0xae7ab96520de3a18e5e111b5eaab095312d7fe84,21895577,0,1,Ethereum,2026-08-26 14:42:21
0xc15c1326923761706acb984165e520c2eea9517e29899bc96093bcab57efb884,2025-02-21 15:22:23,0x1542859b4875f3d715fdc3d13d61f11ecd0a4443,0.1,EТH,yes,token,0x669507921b89c11536fe28fb2b955fbc23dbe86d,21895580,0,1,Ethereum,2026-08-26 14:42:21
0x2ab021a8f95ed6474c85c7da083ef733df58e8909327753372f21cf97659b0ec,2025-02-21 15:23:23,0x1542f60c88cc6cc7163da8fcc5a4533012594443,0.1,ЕТН...,yes,token,0x2a120e7f2f1d8ffd173ed17aa5089f11206b5177,21895585,0,1,Ethereum,2026-08-26 14:42:21
0x8de584fc9456f64f9ad0ec35ee106d9a06c6290988ae16feb56f00eaa20e19a8,2025-02-21 15:24:35,0x04708077eca6bb527a5bbbd6358ffb043a9c1c14,3500.0,mETH,no,token,0xd5f7838f5c461feff7fe49ea5ebaf7728bb0adfa,21895591,0,1,Ethereum,2026-08-26 14:42:21
0xad9fb92cf898aeaa4027a8ac73176617ce75feccedcdb72a7d41594dfc996778,2025-02-21 15:24:47,0x6bb000067005450704003100632eb93ea00c0000,4000.0,stETH,no,token,0xae7ab96520de3a18e5e111b5eaab095312d7fe84,21895592,0,1,Ethereum,2026-08-26 14:42:21
0x36dd36bfe2139c03d3017ef7e8272c70a7bdd2bb158dec312c2dff978f2b49b2,2025-02-21 15:27:35,0x1542f60c88cc6cc7163da8fcc5a4533012594443,0.1,ЕТН...,yes,token,0x2a120e7f2f1d8ffd173ed17aa5089f11206b5177,21895606,0,1,Ethereum,2026-08-26 14:42:21
0x6c108f99a7d1f2a627a5b6a6a1984d054d5dc17f7bcc423bcc926c7d69f766f6,2025-02-21 15:27:47,0x6bb000067005450704003100632eb93ea00c0000,4000.0,stETH,no,token,0xae7ab96520de3a18e5e111b5eaab095312d7fe84,21895607,0,1,Ethereum,2026-08-26 14:42:21
0x1a6cc493fae41454d0b516339d8ef78bb2ba62ed40f29f36d7a9e596e2f839f8,2025-02-22 01:15:47,0xdd909975592c01a18adb8c545f18b0a37f915f92,49755.0,EТH,yes,token,0x669507921b89c11536fe28fb2b955fbc23dbe86d,21898532,0,1,Ethereum,2026-08-26 14:42:21
0xd746ca91d0767038a4e3052d5c08cb979ded32a1046c56bc7c51f4d5598ad245,2025-02-22 01:16:59,0xdd909975592c01a18adb8c545f18b0a37f915f92,49755.0,EТH,yes,token,0x669507921b89c11536fe28fb2b955fbc23dbe86d,21898538,0,1,Ethereum,2026-08-26 14:42:21
0x7f8e28d01173d27af27bcc89b1bd13ee56a2bbaf4aafbb90795532835d790ad2,2025-02-22 01:18:35,0x15428d9f791169e63ab38324bcdab566c3164443,0.1,EТH,yes,token,0x669507921b89c11536fe28fb2b955fbc23dbe86d,21898546,0,1,Ethereum,2026-08-26 14:42:21
0x22d02130807d13ce917d4c6b069a524db8502179ee9f3a71e92d0fc4cc109ac0,2025-02-22 01:20:47,0xdd901921594c5ba04c5971295db8931073365f92,38313.7948,ЕТН...,yes,token,0x2a120e7f2f1d8ffd173ed17aa5089f11206b5177,21898557,0,1,Ethereum,2026-08-26 14:42:21
0xf194d9d59f558059edeb55e046dd80d155be0eac2f7a07230ee0aebeeefe4b9a,2025-02-22 01:24:35,0xdd901921594c5ba04c5971295db8931073365f92,38313.7948,ЕТН...,yes,token,0x2a120e7f2f1d8ffd173ed17aa5089f11206b5177,21898576,0,1,Ethereum,2026-08-26 14:42:21
0x46babadba34c38dd17095b3f02d4b5e90659204e2ca2a8841093fbe8323df9e6,2025-02-22 01:32:35,0x1542f60c88cc6cc7163da8fcc5a4533012594443,0.1,ЕТН...,yes,token,0x2a120e7f2f1d8ffd173ed17aa5089f11206b5177,21898616,0,1,Ethereum,2026-08-26 14:42:21
